first_name,last_name,radio number,rank_id,is_active,start_date,street_address,city,state,zip,contact_email,home_phone,work_phone,mobile_phone
Grete,Rallinshaw,869,8,1,2018-02-14,5155 Rieder Place,Humble,GA,88702,grallinshaw0@time.com,2813373394,3136655469,4159507834
Jammie,MacTerlagh,686,4,0,2017-09-25,4 Mariners Cove Trail,Fort Wayne,GA,94858,jmacterlagh1@mashable.com,2604880407,8182849744,3049238034
Magdalena,Dimitrie,590,5,1,2017-09-09,31838 Jana Park,Portland,GA,29514,mdimitrie2@vinaora.com,9718941678,2024180068,9134661146
Kienan,Mouse,33,1,1,2015-12-09,22 Saint Paul Plaza,Portland,GA,82957,kmouse3@huffingtonpost.com,5032711411,8476239895,2393267376
Guglielmo,Mulgrew,118,1,1,2020-08-08,97814 Meadow Ridge Avenue,Houston,GA,83185,gmulgrew4@twitter.com,7132441879,6154404745,2107702325
Armin,Songhurst,142,4,1,2020-01-09,0 Hazelcrest Drive,North Little Rock,GA,52721,asonghurst5@usa.gov,5018562597,2026534942,8625179886
Mariam,Stronough,578,3,0,2016-06-10,67 Welch Pass,Saint Louis,GA,22169,mstronough6@nytimes.com,3147011995,5595112609,7062270406
Dee,Doram,542,4,0,2018-10-01,3196 Pleasure Street,Indianapolis,GA,73610,ddoram7@wp.com,3174304482,8035422299,6126090202
Barbi,Hawkwood,711,2,1,2019-01-23,4559 Calypso Trail,Toledo,GA,82647,bhawkwood8@nyu.edu,4199948406,6123682316,9798859631
Kerri,Northing,327,2,0,2017-04-14,3163 Bluestem Parkway,Pompano Beach,GA,56622,knorthing9@pinterest.com,7541970353,2106169474,4025898346
Jania,Collin,101,3,1,2018-05-28,54270 Schlimgen Plaza,Milwaukee,GA,49586,jcollina@symantec.com,4142549635,3053280580,8139722453
Annora,Skace,275,1,1,2016-08-27,40749 Westend Parkway,Virginia Beach,GA,94492,askaceb@163.com,7572045049,4026937490,6018812399
Beverly,Coupland,365,2,0,2016-11-05,46 Carberry Drive,Atlanta,GA,84609,bcouplandc@patch.com,4044363431,5159397951,4847980987
Magdalene,Hartington,385,4,1,2018-05-30,8739 Bonner Court,Saint Paul,GA,44476,mhartingtond@booking.com,6513497378,6168874723,7866088045
Shannon,Shillabeer,462,4,0,2018-11-16,34 Meadow Valley Trail,Chicago,GA,79233,sshillabeere@indiegogo.com,3126194220,5597190452,3037439231
Zak,Jewiss,606,4,1,2015-12-17,65351 Elgar Alley,Cleveland,GA,96264,zjewissf@sun.com,2169786171,6469623183,5859161417
Morly,Corcoran,196,1,0,2018-08-03,1 Norway Maple Center,Fresno,GA,78917,mcorcorang@netvibes.com,5596340796,2817263955,8126432845
Rodrique,Umney,286,4,1,2019-08-09,2 5th Pass,Fayetteville,GA,48637,rumneyh@twitter.com,9108066324,4151123251,4237265638
Saxon,Mecchi,500,3,0,2019-08-31,6 Graedel Trail,San Antonio,GA,20476,smecchii@chicagotribune.com,2103469854,5203964180,4029073255
Barron,McGennis,20,3,0,2019-12-09,0 Spohn Court,Garden Grove,GA,82275,bmcgennisj@uol.com.br,7146438114,4028114871,4152711973
Dorey,Kalaher,50,3,0,2019-06-01,8958 Northport Plaza,Charlotte,GA,65617,dkalaherk@stumbleupon.com,7043175029,5106708108,9199329299
Uta,Frushard,547,1,1,2016-04-08,182 Atwood Crossing,Troy,GA,16922,ufrushardl@paginegialle.it,2483832397,9196785455,2059867405
Baxter,Perllman,482,5,0,2017-07-17,047 Thierer Way,Chicago,GA,95026,bperllmanm@thetimes.co.uk,7734165538,8167974085,6787617507
Dyna,Draxford,371,1,0,2016-04-19,42 Harbort Lane,Louisville,GA,85440,ddraxfordn@bloomberg.com,5025363549,9185696521,6095613579
Alayne,Stute,364,1,0,2016-10-22,8 Forster Way,Washington,GA,33240,astuteo@exblog.jp,2029394691,9522281624,2188386375
Trstram,Aishford,550,4,1,2017-07-15,0680 Eliot Crossing,Houston,GA,11195,taishfordp@accuweather.com,7132270744,8504239804,2108518138
Reginald,Oldcroft,912,2,1,2018-01-24,1272 Sutteridge Road,Pompano Beach,GA,98501,roldcroftq@accuweather.com,7544874565,7034863378,5011145758
Danyette,Omar,30,1,1,2019-04-15,92 Muir Plaza,El Paso,GA,23683,domarr@storify.com,9157279503,9094441002,4109023163
Byron,Fells,166,4,1,2020-08-19,80 Pearson Park,Indianapolis,GA,46917,bfellss@purevolume.com,3173528721,9193224658,4844506431
Gerianna,Measham,603,1,0,2020-07-13,48058 Hoard Place,Tallahassee,GA,58606,gmeashamt@prlog.org,8509071388,6156765172,3607724311
Wilhelmina,Borthram,133,3,1,2020-03-27,46 Victoria Avenue,Jackson,GA,78767,wborthramu@hhs.gov,6017724558,9191875516,5129496413
Haskell,Wasylkiewicz,608,5,1,2015-12-15,53531 Eagle Crest Drive,Spokane,GA,69637,hwasylkiewiczv@dailymail.co.uk,5096693870,5012048084,2027327415
Carlie,Pinnion,984,2,1,2018-09-04,3210 Blaine Junction,New Bedford,GA,42157,cpinnionw@delicious.com,5085885233,3471698523,5853494050
Joela,Mulqueen,188,2,1,2018-11-04,2978 Arapahoe Street,Charlotte,GA,11092,jmulqueenx@fc2.com,7041470444,2034853527,3526287366
Jody,Yakuntsov,364,3,1,2016-12-11,2982 Menomonie Hill,Boston,GA,23403,jyakuntsovy@craigslist.org,3391478188,6266967864,7866380552
Jacynth,Growy,733,4,0,2017-08-20,0158 Heffernan Street,Jacksonville,GA,61868,jgrowyz@github.com,9048632117,7869904618,4401519714
Zorana,Callen,231,7,0,2020-06-07,86 Waubesa Point,Fort Wayne,GA,77485,zcallen10@google.nl,2601885584,2055761676,5716839291
Dannie,Woollaston,670,5,0,2020-02-05,870 Ruskin Lane,Columbus,GA,95610,dwoollaston11@home.pl,6144220381,7242896829,2124736521
Lloyd,Riglar,977,3,0,2019-01-19,87 Superior Hill,Oakland,GA,37607,lriglar12@soup.io,4156982065,3176659676,2104581804
Kinna,Crichten,701,3,0,2015-12-11,6702 Summer Ridge Crossing,Dayton,GA,75079,kcrichten13@rakuten.co.jp,9374568591,9179365735,8509033966
Austen,Stedell,937,4,1,2017-05-20,0 Sachtjen Crossing,Columbus,GA,62782,astedell14@wix.com,7061874917,2488141248,7277118303
Suzy,Soeiro,821,5,1,2019-01-19,1355 Mockingbird Hill,Lake Worth,GA,41943,ssoeiro15@ox.ac.uk,5612371488,4044667989,3104005806
Jacqui,Cluet,350,5,0,2016-03-01,485 Magdeline Plaza,Washington,GA,92660,jcluet16@pagesperso-orange.fr,2023975998,8016074960,3347999322
Jenine,Gaul,359,3,0,2016-10-22,93076 Forest Run Avenue,El Paso,GA,29784,jgaul17@hugedomains.com,9158225085,4071093321,4123345281
Ram,Feighney,467,4,1,2018-01-16,3799 Melrose Parkway,Shreveport,GA,10348,rfeighney18@jigsy.com,3182308389,7066647562,4193943016
Carl,Lumsdon,899,3,1,2018-02-26,83 Bluestem Place,Largo,GA,50184,clumsdon19@linkedin.com,7275282580,6464224039,5106732409
Farleigh,Chason,929,1,0,2020-01-04,1756 Lakeland Plaza,Dallas,GA,25794,fchason1a@seattletimes.com,2149741763,4255567835,7142394671
Garret,Glaister,326,2,1,2017-09-01,23 Bunting Avenue,Huntsville,GA,19540,gglaister1b@printfriendly.com,9367696793,2082150638,8505504649
Willem,Shorten,275,5,1,2016-11-11,377 Westport Crossing,Reston,GA,61415,wshorten1c@hubpages.com,7037966948,9411172011,2182097832
Torin,Campanelle,266,5,0,2020-02-10,1 Fuller Parkway,Flushing,GA,53426,tcampanelle1d@nymag.com,7182150005,5055305905,5036619166
Tracee,Bonnaire,858,1,1,2017-06-17,03969 Maryland Road,Pensacola,GA,81307,tbonnaire1e@yale.edu,8504097429,5082271914,2816509923
Cassandra,Harcus,180,3,0,2017-05-08,226 Hollow Ridge Court,Jersey City,GA,81397,charcus1f@ucsd.edu,9737789315,6124362049,5088611347
Fina,Symcoxe,251,1,0,2015-12-21,5921 Tennessee Junction,Clearwater,GA,98489,fsymcoxe1g@wix.com,7274592405,5716675057,9512342714
Scarlet,O'Hoey,258,5,0,2018-06-07,357 5th Hill,San Diego,GA,96398,sohoey1h@behance.net,8588296646,9153142156,3151677283
Sayer,Lubman,568,5,0,2016-08-05,6 Sloan Avenue,Nashville,GA,88361,slubman1i@yahoo.com,6157553162,5127519708,8043585460
Jarrett,Turneux,494,5,1,2017-02-28,735 Parkside Drive,Dallas,GA,10756,jturneux1j@tumblr.com,2143183159,5128044735,2035008273
Adelina,Hollyar,420,2,1,2020-10-02,15 Ryan Court,Terre Haute,GA,40508,ahollyar1k@wikimedia.org,8127016645,4086631815,3138082210
Bill,Wadly,73,1,1,2017-02-22,3 Dahle Street,Colorado Springs,GA,31788,bwadly1l@behance.net,7198878739,5701220139,7063204142
Umberto,Toolin,527,1,1,2020-08-29,3 Buell Trail,East Saint Louis,GA,48704,utoolin1m@businesswire.com,6189921844,8042437545,8607427917
Audra,Newton,175,2,0,2017-03-07,036 Vernon Terrace,Fullerton,GA,85389,anewton1n@economist.com,7145176745,5025940090,4121632515
Cassandra,Nund,961,1,0,2019-12-01,6 Straubel Avenue,Chicago,GA,24441,cnund1o@nsw.gov.au,3129965251,3059873387,6177423220
Baudoin,Rolfe,745,3,0,2018-05-18,8425 Utah Alley,Colorado Springs,GA,56440,brolfe1p@usa.gov,7192819735,8013149265,6612105245
Jamesy,Oattes,359,5,1,2018-12-29,106 Ramsey Court,New York City,GA,76262,joattes1q@comcast.net,2121118122,9155322846,2036239715
Arluene,Vannet,517,1,0,2018-07-15,1557 Mandrake Drive,Jersey City,GA,67682,avannet1r@tinyurl.com,9088181067,8045460172,2027006934
Kelbee,Bees,109,1,0,2019-12-10,86 Havey Court,Lexington,GA,26204,kbees1s@economist.com,8593198782,4698615726,9174959753
Frances,De La Hay,427,4,0,2016-03-02,6929 Badeau Plaza,Houston,GA,25163,fdelahay1t@ehow.com,7135538885,6614603058,8143143365
Alexis,Winfindale,991,3,1,2018-11-14,452 Ridgeway Lane,Staten Island,GA,72232,awinfindale1u@ocn.ne.jp,7189245014,3058605486,6268688305
Ruy,Reace,322,2,1,2015-12-19,798 Bay Hill,Portland,GA,87240,rreace1v@51.la,5036878848,8102603654,4053682401
Jacquenetta,Longmore,814,3,1,2019-01-05,06 Forest Crossing,Metairie,GA,42835,jlongmore1w@google.ca,5046403481,9498977493,9085501097
Gwen,Rodliff,14,2,0,2016-05-31,390 Old Gate Park,New Orleans,GA,16324,grodliff1x@barnesandnoble.com,5045638873,3031956524,9013262026
Lorettalorna,McSaul,923,1,1,2020-03-27,8851 Reindahl Place,Killeen,GA,99937,lmcsaul1y@youtube.com,2548718666,9184163978,7852321989
Sibyl,Gagan,395,3,0,2019-07-23,694 Bowman Road,El Paso,GA,62035,sgagan1z@aol.com,9152476456,8584748889,3177069077
Prudi,Bordiss,44,5,1,2018-02-26,50 Parkside Way,Stamford,GA,96860,pbordiss20@examiner.com,2039525834,9169621090,4122026747
Lilith,McGibbon,547,7,0,2019-04-27,68792 Claremont Point,Philadelphia,GA,49592,lmcgibbon21@sakura.ne.jp,2152784684,7061007903,8317336232
Harcourt,Showler,833,2,0,2016-03-21,391 Raven Avenue,Sacramento,GA,61872,hshowler22@prnewswire.com,9168130950,9101855706,7576865817
Zorine,Meenan,155,4,0,2016-11-27,99427 Myrtle Park,Spokane,GA,64431,zmeenan23@army.mil,5094372331,8326788882,2394045945
Savina,Spillane,630,1,0,2020-03-04,274 Gulseth Junction,Columbus,GA,97544,sspillane24@csmonitor.com,7066252333,8603482052,8584717390
Christina,Radborne,776,4,0,2019-04-16,41889 Colorado Alley,Sacramento,GA,13100,cradborne25@smh.com.au,9162739610,7145885470,3195623735
Neville,Tatershall,755,2,1,2019-09-13,3831 Maple Hill,Minneapolis,GA,14989,ntatershall26@rediff.com,6126031830,5131650020,5152041087
Torrie,Bonnor,440,2,1,2017-07-24,68 Kennedy Junction,San Diego,GA,55797,tbonnor27@economist.com,6192014990,8066300493,9183609645
Fionna,Horwell,158,1,0,2019-06-27,21 Superior Alley,Monticello,GA,86326,fhorwell28@bloomberg.com,7636210540,8503891109,2602071696
Rudiger,Stiegers,264,1,0,2019-01-25,9 Lotheville Avenue,Sacramento,GA,58343,rstiegers29@webs.com,9164949061,6128206656,5135140044
Briana,Merill,263,2,0,2019-05-07,8362 Kensington Way,New Brunswick,GA,40708,bmerill2a@google.co.jp,7322602352,2021369413,7141147441
Cathee,Lepper,295,4,0,2017-08-09,287 Carberry Street,New York City,GA,29773,clepper2b@nbcnews.com,2123251735,3524816622,8637929137
Shaine,Fowlie,463,5,0,2020-01-04,58550 Boyd Trail,Lubbock,GA,95811,sfowlie2c@virginia.edu,8063771036,9128862547,2124309471
Ainslie,Ivanchin,408,3,0,2017-03-03,4880 Melvin Hill,Mobile,GA,94994,aivanchin2d@mlb.com,2513587551,7049974202,5614666518
Adolphe,Asaaf,707,3,0,2018-04-15,5 High Crossing Trail,Salt Lake City,GA,13976,aasaaf2e@guardian.co.uk,8015530924,6154625006,5171340338
Tate,Jerok,163,3,1,2020-03-07,2 Hagan Drive,Houston,GA,69027,tjerok2f@google.co.uk,7133080566,5059780912,7572946744
Tracie,Windus,905,1,0,2016-06-12,700 Melby Point,Los Angeles,GA,90435,twindus2g@gizmodo.com,2137044571,5621782442,5128848150
Emanuel,Gosdin,73,6,0,2020-05-16,3204 Onsgard Way,Augusta,GA,24628,egosdin2h@macromedia.com,7061617731,9419029551,7185880695
Adelbert,Birkenshaw,237,2,0,2016-03-02,04 David Pass,Richmond,GA,48409,abirkenshaw2i@cbslocal.com,8047789066,3048432328,8082752020
Zacharie,Skewes,569,2,1,2019-04-11,52 Becker Court,Birmingham,GA,69928,zskewes2j@cbslocal.com,2055123945,4025869742,3027515433
Cleo,Garden,354,5,1,2016-06-07,78347 Hintze Hill,Honolulu,GA,31709,cgarden2k@vimeo.com,8086646640,6196450225,8044765443
Claire,Doxey,348,4,1,2019-10-27,52 Westerfield Way,Inglewood,GA,98457,cdoxey2l@goo.ne.jp,3106140548,5043081116,8504019835
Bartram,Churchard,626,2,0,2018-06-12,30 Pleasure Street,Minneapolis,GA,24488,bchurchard2m@hhs.gov,6121424561,2162072577,7064801241
Nicolle,Tomisch,958,2,1,2017-02-27,7 Merry Crossing,Minneapolis,GA,96402,ntomisch2n@washington.edu,6122062092,3159954955,9134013558
Hermy,Gillopp,438,4,0,2017-05-10,4208 Magdeline Street,Pittsburgh,GA,69408,hgillopp2o@addthis.com,4126846569,7131577089,2095074881
Jackquelin,Brim,791,2,0,2018-08-24,58518 Summerview Lane,Baltimore,GA,24165,jbrim2p@taobao.com,4438439547,6032202186,6172585074
Corrie,Wellbank,526,4,1,2016-10-13,7742 Manufacturers Park,Fort Smith,GA,80857,cwellbank2q@sfgate.com,4796800969,6789823217,2627648678
Albertine,Fackrell,231,2,1,2017-02-28,38058 David Plaza,Spartanburg,GA,25959,afackrell2r@economist.com,8649566059,3306442778,7275704914
Briana,Van Salzberger,559,1,0,2020-09-03,780 Summer Ridge Pass,Norwalk,GA,55511,bvansalzberger2s@sina.com.cn,2032931257,8034644355,4145200629
Gregg,Knutton,848,5,1,2018-10-16,90383 Namekagon Parkway,Las Vegas,GA,35026,gknutton2t@multiply.com,7021168734,2028807738,8057159890
Sanders,Slemmonds,428,2,1,2015-10-24,22 Independence Lane,South Lake Tahoe,GA,34385,sslemmonds2u@addtoany.com,5303415737,2145026855,8061120579
Nora,Langmuir,49,2,0,2017-10-23,42 Hazelcrest Hill,Houston,GA,20011,nlangmuir2v@who.int,7135598160,3607318472,3145039117
Harmonia,Catonne,238,5,0,2020-05-31,8882 Scofield Lane,Galveston,GA,31207,hcatonne2w@fotki.com,2818880807,9174000907,4131383155
Coralyn,McMillam,634,6,0,2017-08-23,0 Menomonie Center,Washington,GA,96020,cmcmillam2x@usa.gov,2027340892,8501559521,2109141056
Gale,Icke,445,2,0,2018-08-20,3601 Fremont Lane,Philadelphia,GA,42977,gicke2y@wired.com,2153751305,2124590318,3051257905
Lenci,Schimmang,765,2,0,2019-06-06,22 Sauthoff Lane,Sarasota,GA,33566,lschimmang2z@wordpress.com,9417623481,9412591717,5189692489
Bard,Coite,661,2,1,2019-12-05,140 Lunder Terrace,Santa Barbara,GA,96175,bcoite30@dropbox.com,8056155144,3093300110,3046379691
Quintus,Faulkener,57,3,1,2017-02-16,668 Melvin Lane,Houston,GA,75162,qfaulkener31@i2i.jp,7137183551,2124403711,5596598257
Rancell,Itzak,818,2,1,2018-01-20,02904 Bay Junction,North Hollywood,GA,65807,ritzak32@php.net,8182229968,3217771665,8455727698
Winny,Read,109,2,0,2016-08-09,4033 Porter Court,Midland,GA,98192,wread33@about.com,4324688001,2024419615,7187017625
Dodie,Thandi,909,3,1,2020-01-21,4 Jenifer Circle,Harrisburg,GA,31491,dthandi34@e-recht24.de,7171647246,2184710786,3148662015
Russ,Westerman,513,5,1,2016-10-26,951 Eggendart Crossing,Washington,GA,94206,rwesterman35@geocities.jp,2027780437,6023133413,9129940104
Emanuele,Creighton,645,4,1,2019-06-14,478 Burrows Avenue,Detroit,GA,57059,ecreighton36@is.gd,3134796566,3216747562,5599043228
Sean,McCarroll,144,1,0,2017-02-23,049 North Center,Nashville,GA,66447,smccarroll37@51.la,6154217933,5185594596,8033957479
Gabriello,Tobias,346,6,1,2017-12-07,2 Lukken Road,Atlanta,GA,31441,gtobias38@comcast.net,6781465078,9152722417,9175536671
Jeannie,Sliman,653,4,0,2020-03-26,876 Acker Circle,Prescott,GA,75749,jsliman39@flickr.com,5203675764,6024222204,2084524712
Sibella,Dymidowicz,754,4,0,2016-07-15,15347 Lunder Place,Tucson,GA,28696,sdymidowicz3a@e-recht24.de,5206637114,8507841123,5039130730
Eydie,Waldera,158,3,1,2020-03-19,0327 Autumn Leaf Park,Omaha,GA,24517,ewaldera3b@wikia.com,4028043904,2674847735,5013767902
Jenn,Randall,956,3,1,2016-02-13,1 Fairfield Place,Reno,GA,21048,jrandall3c@gov.uk,7757624197,3361859236,3058195309
David,Eake,83,4,1,2018-10-30,6 Emmet Center,New Orleans,GA,63578,deake3d@earthlink.net,5047079774,7133316932,4055750215
Trisha,Broxholme,755,5,0,2017-03-31,28991 Beilfuss Avenue,Pittsburgh,GA,82150,tbroxholme3e@nasa.gov,4122871443,7033923374,9013004652
Malcolm,Merrell,196,5,0,2015-11-01,4 Warbler Plaza,Houston,GA,69975,mmerrell3f@fotki.com,7132031986,9198240699,7042985692
Delia,Choppen,511,4,1,2016-06-26,2 Golf Circle,Orlando,GA,26595,dchoppen3g@4shared.com,4075300905,6199687184,9739736026
Millisent,Shilburne,707,2,1,2019-11-05,2 Rowland Street,York,GA,21876,mshilburne3h@seesaa.net,7176067815,3183374350,8128839835
Salvidor,McCullen,299,6,1,2017-08-27,6236 Lighthouse Bay Street,Washington,GA,70142,smccullen3i@psu.edu,2029565063,2054079183,2085532572
Giuditta,Waywell,990,2,0,2019-01-13,194 Del Mar Avenue,Memphis,GA,58573,gwaywell3j@virginia.edu,9019405352,9157322680,3123745714
Madelina,Matthews,826,4,1,2020-04-02,74140 Onsgard Way,Oklahoma City,GA,25602,mmatthews3k@cbslocal.com,4053889342,3032281123,9162592342
Karleen,Rousell,301,3,1,2020-05-22,23211 Butternut Center,New Orleans,GA,12339,krousell3l@sbwire.com,5045819430,9191653002,7023776296
Melloney,Hillatt,841,5,1,2017-10-10,55 Schiller Pass,Fort Lauderdale,GA,26033,mhillatt3m@wikispaces.com,7545561996,7142118922,5089371979
Dani,Pablo,399,5,0,2017-11-29,79379 Emmet Street,Concord,GA,77081,dpablo3n@psu.edu,9256403479,7861968594,9161193561
Sybila,Houlison,390,2,0,2019-08-18,6379 Stuart Avenue,El Paso,GA,75060,shoulison3o@bigcartel.com,9154851626,5407681317,8032984302
Pattin,Klulisek,367,5,1,2016-07-02,67 Roxbury Plaza,Cincinnati,GA,58204,pklulisek3p@google.com.au,5135413227,7204942256,4084724736
Chrissy,Emmert,931,1,1,2017-10-02,88954 Golden Leaf Park,Kissimmee,GA,86516,cemmert3q@tmall.com,4072999066,4049818615,2194853815
Forbes,Kettle,655,5,0,2017-11-29,5367 Lindbergh Terrace,Fort Worth,GA,99020,fkettle3r@a8.net,6823665159,3157321176,5086298936
Ceil,Shoosmith,825,3,1,2017-05-03,17 Evergreen Hill,Houston,GA,91178,cshoosmith3s@columbia.edu,7135063416,4194701354,8325371161
Yves,Alderson,138,2,1,2020-05-07,5 High Crossing Center,Rockford,GA,62870,yalderson3t@dailymail.co.uk,8154269216,3521423259,7044621354
Jess,Lucus,660,3,0,2017-04-15,689 Merry Avenue,New Haven,GA,67826,jlucus3u@cpanel.net,2031055869,3125402257,5037374514
Uriah,Gavrielly,651,5,0,2017-12-08,09 Forest Run Court,Washington,GA,31845,ugavrielly3v@bloglovin.com,2024057313,7728328288,5408942426
Brok,Baumer,469,5,1,2016-04-06,6485 Sycamore Hill,Waco,GA,70979,bbaumer3w@google.cn,2547940289,8182553208,2534049392
Nico,Michelmore,953,4,0,2019-12-29,516 Lighthouse Bay Point,Indianapolis,GA,73957,nmichelmore3x@flickr.com,3173552740,9093791888,5205293204
Bee,Duddy,207,2,0,2016-07-22,2211 Stang Parkway,Tampa,GA,72091,bduddy3y@hostgator.com,8137831615,2028544788,6519188451
Fabien,Andrini,701,5,1,2018-11-18,84 New Castle Circle,Dallas,GA,88832,fandrini3z@guardian.co.uk,2147085329,7145111398,5098187674
Jerrilee,Woolgar,224,5,0,2016-10-10,86 Carberry Center,Bronx,GA,19940,jwoolgar40@bloglovin.com,7187245850,7134121740,2537840303
Kingston,Caldecourt,989,1,1,2020-03-31,4 Emmet Alley,Topeka,GA,36307,kcaldecourt41@nyu.edu,7859223460,2171492884,2137266557
Ivan,Moger,834,1,1,2016-04-17,53044 Bluestem Road,West Palm Beach,GA,70426,imoger42@cnn.com,5618192270,9176874601,9788934669
Jessica,Teape,126,3,1,2016-04-25,658 Mesta Plaza,Littleton,GA,60876,jteape43@pbs.org,3038765496,5593342651,3124094617
Baxter,Tindall,325,2,0,2015-10-26,3 Messerschmidt Park,Minneapolis,GA,50840,btindall44@cocolog-nifty.com,6125215903,2057413304,2604204607
Nichol,Tropman,34,3,0,2020-02-29,743 Delladonna Court,Hartford,GA,58328,ntropman45@about.me,8608454612,5087230016,5408391211
